keyword,language
aires protegees,fr
aires protégées,fr
animal,en
animales,es
animals,en
animaux,fr
areas protegidas,es
áreas protegidas,es
arten,de
beach,en
beaches,en
bio diversidad,es
bio diversitat,de
bio diversität,de
bio diversite,fr
bio diversité,fr
bio diversity,en
biodiversidad,es
biodiversitat,de
biodiversität,de
biodiversite,fr
biodiversité,fr
biodiversity,en
bosque,es
caouanne,fr
cedar,en
cedre,fr
cèdre,fr
cedro,es
conservacion,es
conservación,es
conservation,en
ecofac,na
ecosistema,es
ecosistemas,es
ecosystem,en
ecosysteme,fr
écosystème,fr
ecosystemes,fr
écosystèmes,fr
ecosystems,en
elefant,de
elefante,es
elefanten,de
elefantes,es
elephant,en
éléphant,fr
elephants,en
éléphants,fr
erhaltung,de
erhaltung,de
especes,fr
espèces,fr
especies,es
faune,fr
forest,en
forestry,en
foret,fr
forêt,fr
forstwirtschaft,de
garde forestiere,fr
garde forestière,fr
gardes forestieres,fr
gardes forestières,fr
gorila,es
gorilas,es
gorilla,de
gorilla,en
gorillas,de
gorillas,en
gorille,fr
gorilles,fr
guardabosques,es
küstengebiet,de
leatherback,en
lederschildkrote,de
lederschildkröte,de
litoral,es
littoral,en
loggerhead,en
maulwurf,de
maulwurfe,de
maulwürfe,de
mole,en
moles,en
okosystem,de
ökosystem,de
okosysteme,de
ökosysteme,de
pangolin,en
pangolín,es
pangolines,es
pangolins,en
pangolins,fr
parc,fr
parcs,fr
park,de
park,en
parks,de
parks,en
parque,es
parques,es
phataginus,na
plage,fr
plages,fr
playa,es
playas,es
preservacion,es
preservación,es
preservation,en
préservation,fr
protected areas,en
ranger,de
ranger,en
rangers,de
rangers,en
schildkrote,de
schildkröte,de
schildkroten,de
schildkröten,de
schuppentier,de
schuppentiere,de
schutzgebiete,de
silvicultura,es
species,en
strand,de
strande,de
strände,de
sylviculture,fr
taupe,fr
taupes,fr
tier,de
tiere,de
topo,es
topos,es
tortue,fr
tortue luth,fr
tortues,fr
tortuga,es
tortuga boba,es
tortuga laud,es
tortuga laúd,es
tortugas,es
turtle,en
turtles,en
unechte karettschildkrote,de
unechte karettschildkröte,de
vainilla,es
vanilla,en
vanille,de
vanille,fr
vida silvestre,es
wald,de
wildlife,en
wildtiere,de
wwf,na
zeder,de
